experiment,config_name,best_epoch,validation_f1_macro,validation_accuracy,validation_loss,epochs_trained,training_time_sec,time_per_epoch_sec,hidden_layers,activation,dropout,use_batch_norm,optimizer,lr,epochs,batch_size
full_grid,config_119,29,0.9495166513566557,0.9418367346938775,0.1687508065013155,39,37.95746088027954,0.9732682276994754,"[64, 32]",relu,0.2,False,rmsprop,0.0005,100,32
full_grid,config_163,25,0.9494467071123216,0.9408163265306122,0.1657564197216303,35,35.7231662273407,1.0206618922097341,"[128, 64]",relu,0.2,False,adamw,0.0005,100,32
full_grid,config_25,78,0.9494024234296413,0.9408163265306122,0.16546615994265002,88,69.96323704719543,0.7950367846272208,[32],tanh,0.0,False,adam,0.001,100,32
full_grid,config_73,51,0.94880137221233,0.9408163265306122,0.16780148049996746,61,50.25880312919617,0.8239148053966585,[64],tanh,0.0,False,adam,0.001,100,32
full_grid,config_159,16,0.9485409777040354,0.9408163265306122,0.16943782087295287,26,26.789719104766846,1.0303738117218018,"[128, 64]",relu,0.2,False,adam,0.0005,100,32
full_grid,config_77,39,0.9481860269343666,0.939795918367347,0.16686162034109717,49,40.06527900695801,0.817658755244041,[64],tanh,0.0,False,adamw,0.001,100,32
full_grid,config_178,23,0.9468832349819903,0.939795918367347,0.17238129302859306,33,9.613928079605103,0.29133115392742737,"[128, 64]",tanh,0.0,False,rmsprop,0.001,100,128
full_grid,config_162,16,0.9482485434423155,0.939795918367347,0.17161376774311066,26,8.301316738128662,0.31928141300494856,"[128, 64]",relu,0.2,False,adamw,0.001,100,128
full_grid,config_169,33,0.9464507835168311,0.939795918367347,0.17129154869865987,43,40.48979306221008,0.9416230944700019,"[128, 64]",tanh,0.0,False,adam,0.001,100,32
full_grid,config_116,54,0.9447576531621117,0.9387755102040817,0.17486940883100033,64,18.458472967147827,0.2884136401116848,"[64, 32]",relu,0.2,False,adamw,0.0005,100,128
full_grid,config_29,66,0.946855937179915,0.9387755102040817,0.17032584800354897,76,61.21883702278137,0.8055110134576496,[32],tanh,0.0,False,adamw,0.001,100,32
full_grid,config_140,79,0.9445777385642918,0.9387755102040817,0.17521258164197206,89,24.737412929534912,0.27794845988241473,"[64, 32]",tanh,0.2,False,adamw,0.0005,100,128
full_grid,config_32,97,0.9449406908667921,0.9387755102040817,0.17724452167749405,100,23.4900541305542,0.234900541305542,[32],tanh,0.0,False,adamw,0.0005,100,128
full_grid,config_174,32,0.945597190205415,0.9387755102040817,0.1703966222703457,42,12.398124933242798,0.29519345079149517,"[128, 64]",tanh,0.0,False,adamw,0.001,100,128
full_grid,config_150,27,0.9479594048298258,0.9387755102040817,0.16815546341240406,37,10.905149936676025,0.29473378207232503,"[128, 64]",relu,0.0,False,adamw,0.001,100,128
full_grid,config_166,25,0.9444531289749151,0.9387755102040817,0.1669287597760558,35,10.593549728393555,0.30267284938267297,"[128, 64]",relu,0.2,False,rmsprop,0.001,100,128
full_grid,config_80,94,0.9464709747787444,0.9387755102040817,0.17566640116274357,100,22.963433980941772,0.22963433980941772,[64],tanh,0.0,False,adamw,0.0005,100,128
full_grid,config_146,20,0.9463277672278448,0.9387755102040817,0.166908317245543,30,9.137645959854126,0.3045881986618042,"[128, 64]",relu,0.0,False,adam,0.001,100,128
full_grid,config_173,35,0.9462342744400275,0.9387755102040817,0.16529487259685993,45,43.22368383407593,0.9605263074239095,"[128, 64]",tanh,0.0,False,adamw,0.001,100,32
full_grid,config_50,74,0.9476473757670124,0.9387755102040817,0.1692454107105732,84,19.910558223724365,0.23703045504433767,[64],relu,0.0,False,adam,0.001,100,128
full_grid,config_105,29,0.947345890318953,0.9387755102040817,0.16768036049700552,39,37.15244197845459,0.9526267173962716,"[64, 32]",relu,0.0,False,rmsprop,0.001,100,32
full_grid,config_148,49,0.9453425200956496,0.9387755102040817,0.16924741491675377,59,16.34878897666931,0.2770981182486324,"[128, 64]",relu,0.0,False,adam,0.0005,100,128
full_grid,config_143,37,0.9446223785372074,0.9387755102040817,0.17268939790946822,47,45.77535891532898,0.9739438067091272,"[64, 32]",tanh,0.2,False,rmsprop,0.0005,100,32
full_grid,config_24,81,0.9438081975664897,0.9387755102040817,0.17530443705618382,91,21.572113275527954,0.23705618984096652,[32],relu,0.2,False,rmsprop,0.0005,100,128
full_grid,config_171,16,0.9455709866917562,0.9387755102040817,0.17434479368309821,26,25.968170166015625,0.9987757756159856,"[128, 64]",tanh,0.0,False,adam,0.0005,100,32
full_grid,config_157,8,0.9469499900548918,0.9387755102040817,0.17053764217322873,18,19.386371850967407,1.0770206583870783,"[128, 64]",relu,0.2,False,adam,0.001,100,32
full_grid,config_20,100,0.9446954887923479,0.9387755102040817,0.17975087836384773,100,23.941163778305054,0.23941163778305052,[32],relu,0.2,False,adamw,0.0005,100,128
full_grid,config_151,35,0.9477815204936804,0.9387755102040817,0.16590707731102744,45,43.614875078201294,0.969219446182251,"[128, 64]",relu,0.0,False,adamw,0.0005,100,32
full_grid,config_95,97,0.9466381534053829,0.9387755102040817,0.17302764104979654,100,83.86686992645264,0.8386686992645264,[64],tanh,0.2,False,rmsprop,0.0005,100,32
full_grid,config_186,36,0.9444613909967398,0.9387755102040817,0.1704144598916173,46,14.223122835159302,0.3091983225034631,"[128, 64]",tanh,0.2,False,adamw,0.001,100,128
full_grid,config_7,83,0.9457041672462355,0.9387755102040817,0.16898426617826184,93,75.697096824646,0.8139472776843656,[32],relu,0.0,False,adamw,0.0005,100,32
full_grid,config_21,29,0.9467999436876392,0.9387755102040817,0.16652766488973172,39,32.81554579734802,0.8414242512140518,[32],relu,0.2,False,rmsprop,0.001,100,32
full_grid,config_189,30,0.9468544858054587,0.9387755102040817,0.16661709733307362,40,39.26833772659302,0.9817084431648254,"[128, 64]",tanh,0.2,False,rmsprop,0.001,100,32
full_grid,config_188,52,0.9449581458966577,0.9387755102040817,0.1758672557771206,62,17.751564025878906,0.2863155488044985,"[128, 64]",tanh,0.2,False,adamw,0.0005,100,128
full_grid,config_99,25,0.9465346316219255,0.9377551020408164,0.16723434170407633,35,33.53250193595886,0.9580714838845389,"[64, 32]",relu,0.0,False,adam,0.0005,100,32
full_grid,config_156,62,0.9455757503367985,0.9377551020408164,0.16898868512362242,72,18.91712999343872,0.2627379165755378,"[128, 64]",relu,0.0,False,rmsprop,0.0005,100,128
full_grid,config_83,77,0.9460581643444674,0.9377551020408164,0.1690502638417867,87,68.74445796012878,0.7901661834497561,[64],tanh,0.0,False,rmsprop,0.0005,100,32
full_grid,config_85,31,0.9458047343134707,0.9377551020408164,0.17395448516453466,41,34.71617102622986,0.8467358786885332,[64],tanh,0.2,False,adam,0.001,100,32
full_grid,config_61,43,0.9468918187456306,0.9377551020408164,0.16613083573118334,53,46.45352077484131,0.8764815240536096,[64],relu,0.2,False,adam,0.001,100,32
full_grid,config_54,48,0.945642441079897,0.9377551020408164,0.17236539907753468,58,14.33144998550415,0.24709396526731295,[64],relu,0.0,False,adamw,0.001,100,128
full_grid,config_154,29,0.9445604754338677,0.9377551020408164,0.16848456859588623,39,11.17402720451355,0.28651351806444997,"[128, 64]",relu,0.0,False,rmsprop,0.001,100,128
full_grid,config_56,98,0.9461380541387214,0.9377551020408164,0.17321762535721064,100,24.62963891029358,0.2462963891029358,[64],relu,0.0,False,adamw,0.0005,100,128
full_grid,config_65,52,0.9456457649633337,0.9377551020408164,0.16500216788582264,62,55.2091703414917,0.8904704893788984,[64],relu,0.2,False,adamw,0.001,100,32
full_grid,config_165,16,0.947114019239146,0.9377551020408164,0.16998019093467343,26,26.1253719329834,1.0048219974224384,"[128, 64]",relu,0.2,False,rmsprop,0.001,100,32
full_grid,config_59,24,0.945714866302683,0.9377551020408164,0.17258377433303865,34,28.188596963882446,0.8290763812906602,[64],relu,0.0,False,rmsprop,0.0005,100,32
full_grid,config_71,73,0.9462426303649094,0.9377551020408164,0.16600879978749059,83,67.6277232170105,0.8147918459880783,[64],relu,0.2,False,rmsprop,0.0005,100,32
full_grid,config_158,21,0.9459460145800963,0.9377551020408164,0.17115638218820095,31,9.560145139694214,0.3083917786998133,"[128, 64]",relu,0.2,False,adam,0.001,100,128
full_grid,config_170,24,0.9445951156134997,0.9377551020408164,0.17373452801257372,34,10.008172035217285,0.2943580010358025,"[128, 64]",tanh,0.0,False,adam,0.001,100,128
full_grid,config_23,71,0.9445000895702282,0.9377551020408164,0.16880138789213472,81,67.20504570007324,0.8296919222231265,[32],relu,0.2,False,rmsprop,0.0005,100,32
full_grid,config_191,23,0.9445401242494567,0.9377551020408164,0.1710035993807739,33,32.65856409072876,0.9896534572948109,"[128, 64]",tanh,0.2,False,rmsprop,0.0005,100,32
full_grid,config_190,36,0.944570331135323,0.9377551020408164,0.1719487877562642,46,13.30342411994934,0.28920487217281177,"[128, 64]",tanh,0.2,False,rmsprop,0.001,100,128
full_grid,config_6,66,0.9461034178050952,0.9377551020408164,0.1691197268664837,76,17.466161251068115,0.22981791119826467,[32],relu,0.0,False,adamw,0.001,100,128
full_grid,config_187,20,0.9437821783561251,0.9377551020408164,0.17084915130849807,30,30.683772802352905,1.0227924267450967,"[128, 64]",tanh,0.2,False,adamw,0.0005,100,32
full_grid,config_123,28,0.944391730429471,0.9377551020408164,0.17132041218780703,38,36.07480216026306,0.9493368989542911,"[64, 32]",tanh,0.0,False,adam,0.0005,100,32
full_grid,config_185,11,0.9440126647580754,0.9377551020408164,0.17134776200738647,21,21.640022039413452,1.0304772399720692,"[128, 64]",tanh,0.2,False,adamw,0.001,100,32
full_grid,config_122,27,0.9441305201240764,0.9377551020408164,0.1747741987928748,37,10.707358360290527,0.2893880637916359,"[64, 32]",tanh,0.0,False,adam,0.001,100,128
full_grid,config_183,35,0.9435259292850054,0.9377551020408164,0.16708248721495753,45,44.78891324996948,0.9953091833326552,"[128, 64]",tanh,0.2,False,adam,0.0005,100,32
full_grid,config_120,47,0.9438114335639859,0.9377551020408164,0.17278288677334785,57,16.095920085906982,0.28238456291064884,"[64, 32]",relu,0.2,False,rmsprop,0.0005,100,128
full_grid,config_17,44,0.9443916608447367,0.9377551020408164,0.1677859498247985,54,45.85226583480835,0.8491160339779324,[32],relu,0.2,False,adamw,0.001,100,32
full_grid,config_181,43,0.9463019180952247,0.9377551020408164,0.16913549481861054,53,51.887486934661865,0.9790091874464503,"[128, 64]",tanh,0.2,False,adam,0.001,100,32
full_grid,config_107,33,0.9464841904330988,0.9377551020408164,0.1657102544221186,43,39.91948127746582,0.9283600297085074,"[64, 32]",relu,0.0,False,rmsprop,0.0005,100,32
full_grid,config_142,14,0.9419022098975877,0.9377551020408164,0.18322542682290077,24,7.587328910827637,0.3161387046178182,"[64, 32]",tanh,0.2,False,rmsprop,0.001,100,128
full_grid,config_113,20,0.9461065882903065,0.9377551020408164,0.1671055355860341,30,30.692147970199585,1.0230715990066528,"[64, 32]",relu,0.2,False,adamw,0.001,100,32
full_grid,config_176,55,0.9445867167015661,0.9377551020408164,0.1718063671141863,65,17.824417114257812,0.2742218017578125,"[128, 64]",tanh,0.0,False,adamw,0.0005,100,128
full_grid,config_138,38,0.9422040623579578,0.936734693877551,0.17949703242629766,48,14.166247844696045,0.2951301634311676,"[64, 32]",tanh,0.2,False,adamw,0.001,100,128
full_grid,config_136,47,0.9420920934623486,0.936734693877551,0.18198854010552168,57,16.01622986793518,0.28098648891114353,"[64, 32]",tanh,0.2,False,adam,0.0005,100,128
full_grid,config_100,48,0.9442331521298984,0.936734693877551,0.17316635232418776,58,16.1425302028656,0.2783194862563035,"[64, 32]",relu,0.0,False,adam,0.0005,100,128
full_grid,config_109,44,0.9455939293720272,0.936734693877551,0.1668738098514657,54,53.429620027542114,0.9894374079174466,"[64, 32]",relu,0.2,False,adam,0.001,100,32
full_grid,config_84,79,0.945338659248746,0.936734693877551,0.17483262345194817,89,20.26456594467163,0.22769175218732168,[64],tanh,0.0,False,rmsprop,0.0005,100,128
full_grid,config_128,44,0.9432906655141802,0.936734693877551,0.17873911559581757,54,15.27561092376709,0.2828816837734646,"[64, 32]",tanh,0.0,False,adamw,0.0005,100,128
full_grid,config_87,48,0.9448532989235543,0.936734693877551,0.17508597852241609,58,48.44123315811157,0.8351936751398547,[64],tanh,0.2,False,adam,0.0005,100,32
full_grid,config_110,46,0.9435226768234434,0.936734693877551,0.17070769984275103,56,16.21402406692505,0.289536144052233,"[64, 32]",relu,0.2,False,adam,0.001,100,128
full_grid,config_2,71,0.9427214460239445,0.936734693877551,0.17618003580719233,81,18.245797872543335,0.2252567638585597,[32],relu,0.0,False,adam,0.001,100,128
full_grid,config_125,38,0.9443858650944504,0.936734693877551,0.167610636221305,48,45.61905598640442,0.9503969997167587,"[64, 32]",tanh,0.0,False,adamw,0.001,100,32
full_grid,config_153,29,0.9445562631840543,0.936734693877551,0.16181239870286757,39,36.59853911399841,0.9384240798461132,"[128, 64]",relu,0.0,False,rmsprop,0.001,100,32
full_grid,config_94,60,0.9445209731879595,0.936734693877551,0.17497641872614622,70,17.243114948272705,0.24633021354675294,[64],tanh,0.2,False,rmsprop,0.001,100,128
full_grid,config_149,16,0.9445239575817045,0.936734693877551,0.16703015511795397,26,25.600461721420288,0.9846331431315496,"[128, 64]",relu,0.0,False,adamw,0.001,100,32
full_grid,config_118,22,0.9447200257602145,0.936734693877551,0.17170573957264423,32,9.435549020767212,0.2948609068989754,"[64, 32]",relu,0.2,False,rmsprop,0.001,100,128
full_grid,config_1,38,0.9447006411648761,0.936734693877551,0.17092787474393845,48,38.73125195503235,0.8069010823965073,[32],relu,0.0,False,adam,0.001,100,32
full_grid,config_66,42,0.945568691780869,0.936734693877551,0.17526362463831902,52,14.123892784118652,0.27161332277151257,[64],relu,0.2,False,adamw,0.001,100,128
full_grid,config_135,54,0.9426132931656307,0.936734693877551,0.1690315124128134,64,62.89940929412842,0.9828032702207565,"[64, 32]",tanh,0.2,False,adam,0.0005,100,32
full_grid,config_175,22,0.9437801648876959,0.936734693877551,0.16855313496724253,32,30.79465413093567,0.9623329415917397,"[128, 64]",tanh,0.0,False,adamw,0.0005,100,32
full_grid,config_38,57,0.9426160830729897,0.936734693877551,0.17649841587990522,67,16.290743112564087,0.24314541959050875,[32],tanh,0.2,False,adam,0.001,100,128
full_grid,config_44,98,0.9423505563349815,0.936734693877551,0.18271555937826633,100,23.68211007118225,0.2368211007118225,[32],tanh,0.2,False,adamw,0.0005,100,128
full_grid,config_177,13,0.9446756782413954,0.936734693877551,0.16800894419993123,23,21.925841093063354,0.9532974388288415,"[128, 64]",tanh,0.0,False,rmsprop,0.001,100,32
full_grid,config_33,50,0.9441635960331597,0.936734693877551,0.16941676282834622,60,47.40939378738403,0.7901565631230673,[32],tanh,0.0,False,rmsprop,0.001,100,32
full_grid,config_31,37,0.9431404117706851,0.936734693877551,0.17468148229583616,47,38.84779214859009,0.826548769118938,[32],tanh,0.0,False,adamw,0.0005,100,32
full_grid,config_167,12,0.9426438528239673,0.936734693877551,0.170103975481564,22,22.537460327148438,1.0244300148703835,"[128, 64]",relu,0.2,False,rmsprop,0.0005,100,32
full_grid,config_180,28,0.9429113025807692,0.936734693877551,0.17348883394151926,38,10.658886909484863,0.2804970239338122,"[128, 64]",tanh,0.0,False,rmsprop,0.0005,100,128
full_grid,config_164,40,0.9451997726410023,0.936734693877551,0.17077762633562088,50,14.789448976516724,0.29578897953033445,"[128, 64]",relu,0.2,False,adamw,0.0005,100,128
full_grid,config_26,83,0.9433215498654665,0.936734693877551,0.1730839516967535,93,21.50055193901062,0.23118873052699593,[32],tanh,0.0,False,adam,0.001,100,128
full_grid,config_41,40,0.9427645661440048,0.936734693877551,0.17812676589575507,50,42.5987811088562,0.851975622177124,[32],tanh,0.2,False,adamw,0.001,100,32
full_grid,config_13,52,0.9417356057598807,0.936734693877551,0.17278452962636948,62,52.517549991607666,0.8470572579291559,[32],relu,0.2,False,adam,0.001,100,32
full_grid,config_161,5,0.9452114867111086,0.936734693877551,0.17263266744632874,15,16.27588701248169,1.0850591341654459,"[128, 64]",relu,0.2,False,adamw,0.001,100,32
full_grid,config_160,39,0.9441675853944149,0.936734693877551,0.17004444729536772,49,14.58102011680603,0.2975718391184904,"[128, 64]",relu,0.2,False,adam,0.0005,100,128
full_grid,config_70,49,0.9449060552074654,0.936734693877551,0.17223664931952953,59,14.246316194534302,0.241462986348039,[64],relu,0.2,False,rmsprop,0.001,100,128
full_grid,config_9,33,0.9452440537310917,0.936734693877551,0.16462486922260253,43,34.913023948669434,0.8119307895039403,[32],relu,0.0,False,rmsprop,0.001,100,32
full_grid,config_75,53,0.9441770844799062,0.936734693877551,0.1718420504682487,63,50.82947015762329,0.8068169866289411,[64],tanh,0.0,False,adam,0.0005,100,32
full_grid,config_14,76,0.9425926452637843,0.9357142857142857,0.17110677435994148,86,21.064028024673462,0.2449305584264356,[32],relu,0.2,False,adam,0.001,100,128
full_grid,config_184,45,0.9421158721300014,0.9357142857142857,0.17407509125769138,55,15.92297911643982,0.2895087112079967,"[128, 64]",tanh,0.2,False,adam,0.0005,100,128
full_grid,config_139,27,0.9414502607346316,0.9357142857142857,0.17374114764313545,37,37.8203980922699,1.0221729214127,"[64, 32]",tanh,0.2,False,adamw,0.0005,100,32
full_grid,config_126,32,0.9420699670925036,0.9357142857142857,0.17795259971171618,42,12.010004043579102,0.2859524772280738,"[64, 32]",tanh,0.0,False,adamw,0.001,100,128
full_grid,config_8,95,0.9417727972872019,0.9357142857142857,0.17757014371454716,100,22.96690011024475,0.2296690011024475,[32],relu,0.0,False,adamw,0.0005,100,128
full_grid,config_114,25,0.9421407836387315,0.9357142857142857,0.17425675690174103,35,10.708138942718506,0.30594682693481445,"[64, 32]",relu,0.2,False,adamw,0.001,100,128
full_grid,config_35,57,0.9438629051770562,0.9357142857142857,0.17431298907726042,67,52.75006103515625,0.7873143438083022,[32],tanh,0.0,False,rmsprop,0.0005,100,32
full_grid,config_4,91,0.9434943929202471,0.9357142857142857,0.17348909936845303,100,23.164341926574707,0.23164341926574708,[32],relu,0.0,False,adam,0.0005,100,128
full_grid,config_36,55,0.9415442536734991,0.9357142857142857,0.17939527053385973,65,15.445811986923218,0.23762787672189567,[32],tanh,0.0,False,rmsprop,0.0005,100,128
full_grid,config_121,25,0.9443548683857319,0.9357142857142857,0.1712298577711467,35,33.768028259277344,0.9648008074079241,"[64, 32]",tanh,0.0,False,adam,0.001,100,32
full_grid,config_78,64,0.943831796745816,0.9357142857142857,0.1718656700104475,74,17.3636372089386,0.23464374606673782,[64],tanh,0.0,False,adamw,0.001,100,128
full_grid,config_43,62,0.9415137936892152,0.9357142857142857,0.17608888855864924,72,60.14728593826294,0.835378971364763,[32],tanh,0.2,False,adamw,0.0005,100,32
full_grid,config_62,96,0.9414734560455296,0.9357142857142857,0.16674524545669556,100,23.266813039779663,0.23266813039779663,[64],relu,0.2,False,adam,0.001,100,128
full_grid,config_74,47,0.9421474751511373,0.9357142857142857,0.17477183137089014,57,14.29265284538269,0.25074829553302963,[64],tanh,0.0,False,adam,0.001,100,128
full_grid,config_72,82,0.943564379765646,0.9357142857142857,0.17176027968525887,92,21.384769916534424,0.23244315126667853,[64],relu,0.2,False,rmsprop,0.0005,100,128
full_grid,config_155,15,0.9444684337986479,0.9357142857142857,0.17060669751897936,25,23.796549081802368,0.9518619632720947,"[128, 64]",relu,0.0,False,rmsprop,0.0005,100,32
full_grid,config_90,24,0.941780827015923,0.9357142857142857,0.18347548320889473,34,9.56856107711792,0.2814282669740565,[64],tanh,0.2,False,adamw,0.001,100,128
full_grid,config_91,60,0.9432304270721842,0.9357142857142857,0.1746717617516556,70,59.74944806098938,0.8535635437284197,[64],tanh,0.2,False,adamw,0.0005,100,32
full_grid,config_93,36,0.9434711704255532,0.9357142857142857,0.17172487512711557,46,39.4058940410614,0.8566498704578566,[64],tanh,0.2,False,rmsprop,0.001,100,32
full_grid,config_134,28,0.9417855134476457,0.9357142857142857,0.1771862367168069,38,11.361014127731323,0.29897405599292953,"[64, 32]",tanh,0.2,False,adam,0.001,100,128
full_grid,config_63,51,0.9442425389049163,0.9357142857142857,0.16857614284080844,61,51.71726393699646,0.8478239989671551,[64],relu,0.2,False,adam,0.0005,100,32
full_grid,config_55,43,0.9442673455800169,0.9357142857142857,0.16858838642797164,53,46.1822350025177,0.8713629245758057,[64],relu,0.0,False,adamw,0.0005,100,32
full_grid,config_168,26,0.9433606047306539,0.9357142857142857,0.17235992569476366,36,10.880399942398071,0.30223333173327976,"[128, 64]",relu,0.2,False,rmsprop,0.0005,100,128
full_grid,config_49,36,0.9439619633344986,0.9357142857142857,0.16663209054498904,46,37.600372076034546,0.8173993929572727,[64],relu,0.0,False,adam,0.001,100,32
full_grid,config_172,64,0.943500022239777,0.9357142857142857,0.16999883111566305,74,19.921471118927002,0.26920906917468923,"[128, 64]",tanh,0.0,False,adam,0.0005,100,128
full_grid,config_103,14,0.9441519553007327,0.9357142857142857,0.17227522476065543,24,23.590413808822632,0.982933908700943,"[64, 32]",relu,0.0,False,adamw,0.0005,100,32
full_grid,config_76,89,0.9427056518417702,0.9357142857142857,0.17798664141446352,99,22.07676911354065,0.2229976678135419,[64],tanh,0.0,False,adam,0.0005,100,128
full_grid,config_106,20,0.9426220972704898,0.9357142857142857,0.17116152867674828,30,9.275174140930176,0.3091724713643392,"[64, 32]",relu,0.0,False,rmsprop,0.001,100,128
full_grid,config_182,22,0.9409951853583126,0.9346938775510204,0.17287879064679146,32,9.957130908966064,0.3111603409051895,"[128, 64]",tanh,0.2,False,adam,0.001,100,128
full_grid,config_144,44,0.9412076309990371,0.9346938775510204,0.17708992678672075,54,14.984283924102783,0.2774867393352367,"[64, 32]",tanh,0.2,False,rmsprop,0.0005,100,128
full_grid,config_152,22,0.9427193946800612,0.9346938775510204,0.16957385279238224,32,9.628270149230957,0.3008834421634674,"[128, 64]",relu,0.0,False,adamw,0.0005,100,128
full_grid,config_147,22,0.9429000076910795,0.9346938775510204,0.17019777871187655,32,31.39011311531067,0.9809410348534584,"[128, 64]",relu,0.0,False,adam,0.0005,100,32
full_grid,config_137,30,0.9418712578009981,0.9346938775510204,0.1742298286408186,40,40.11586785316467,1.0028966963291168,"[64, 32]",tanh,0.2,False,adamw,0.001,100,32
full_grid,config_192,24,0.9406964353001247,0.9346938775510204,0.17403518315404654,34,10.272137880325317,0.30212170236250935,"[128, 64]",tanh,0.2,False,rmsprop,0.0005,100,128
full_grid,config_60,76,0.9434339732137577,0.9346938775510204,0.17262608464807272,86,19.35182523727417,0.22502122368923452,[64],relu,0.0,False,rmsprop,0.0005,100,128
full_grid,config_132,32,0.9402931950659764,0.9346938775510204,0.17603519465774298,42,11.405472040176392,0.2715588580994379,"[64, 32]",tanh,0.0,False,rmsprop,0.0005,100,128
full_grid,config_27,49,0.9423527558168822,0.9346938775510204,0.17640242905866715,59,48.738014221191406,0.826068037647312,[32],tanh,0.0,False,adam,0.0005,100,32
full_grid,config_79,40,0.9419967521689028,0.9346938775510204,0.17453586886967382,50,41.41744303703308,0.8283488607406616,[64],tanh,0.0,False,adamw,0.0005,100,32
full_grid,config_69,24,0.9424575283577383,0.9346938775510204,0.1668610832984409,34,28.934300899505615,0.8510088499854592,[64],relu,0.2,False,rmsprop,0.001,100,32
full_grid,config_68,97,0.9411688273510526,0.9346938775510204,0.1769610708579421,100,24.592278003692627,0.24592278003692628,[64],relu,0.2,False,adamw,0.0005,100,128
full_grid,config_28,99,0.9409934913008566,0.9346938775510204,0.17821260076016188,100,23.238192081451416,0.23238192081451417,[32],tanh,0.0,False,adam,0.0005,100,128
full_grid,config_64,73,0.9418261899494492,0.9346938775510204,0.1740700425580144,83,20.819633960723877,0.2508389633822154,[64],relu,0.2,False,adam,0.0005,100,128
full_grid,config_58,37,0.9411490268130008,0.9346938775510204,0.17094612400978804,47,11.323680639266968,0.24092937530355252,[64],relu,0.0,False,rmsprop,0.001,100,128
full_grid,config_89,44,0.9428617901166587,0.9346938775510204,0.1689066931965851,54,47.02481484413147,0.8708299045209531,[64],tanh,0.2,False,adamw,0.001,100,32
full_grid,config_57,21,0.9431393653645109,0.9346938775510204,0.17245761809810514,31,25.660293102264404,0.827751390395626,[64],relu,0.0,False,rmsprop,0.001,100,32
full_grid,config_52,56,0.9415621486686374,0.9346938775510204,0.1755238426849246,66,16.108912706375122,0.2440744349450776,[64],relu,0.0,False,adam,0.0005,100,128
full_grid,config_51,46,0.943226322163077,0.9346938775510204,0.17166237593177827,56,45.458261013031006,0.8117546609469822,[64],relu,0.0,False,adam,0.0005,100,32
full_grid,config_48,67,0.9410895445679611,0.9346938775510204,0.18157079629600048,77,18.242056846618652,0.23690982917686562,[32],tanh,0.2,False,rmsprop,0.0005,100,128
full_grid,config_42,48,0.9423972015657197,0.9346938775510204,0.1773974560201168,58,14.52342700958252,0.2504039139583193,[32],tanh,0.2,False,adamw,0.001,100,128
full_grid,config_40,97,0.9411207171349495,0.9346938775510204,0.18014064989984035,100,23.35970401763916,0.2335970401763916,[32],tanh,0.2,False,adam,0.0005,100,128
full_grid,config_86,60,0.9426801510578721,0.9346938775510204,0.17561103776097298,70,17.203284978866577,0.24576121398380824,[64],tanh,0.2,False,adam,0.001,100,128
full_grid,config_39,50,0.9402945066804725,0.9346938775510204,0.17596628504895395,60,49.956026792526245,0.8326004465421041,[32],tanh,0.2,False,adam,0.0005,100,32
full_grid,config_115,24,0.9428142753123216,0.9346938775510204,0.1731485731659397,34,34.54223918914795,1.0159482114455278,"[64, 32]",relu,0.2,False,adamw,0.0005,100,32
full_grid,config_3,55,0.9427557350265446,0.9346938775510204,0.1705847204092049,65,53.275554895401,0.8196239214677077,[32],relu,0.0,False,adam,0.0005,100,32
full_grid,config_131,29,0.9412160696654397,0.9346938775510204,0.17267424649288576,39,35.93682312965393,0.9214570033244598,"[64, 32]",tanh,0.0,False,rmsprop,0.0005,100,32
full_grid,config_16,89,0.9409970846612028,0.9346938775510204,0.18139876425266266,99,24.04941487312317,0.24292338255679968,[32],relu,0.2,False,adam,0.0005,100,128
full_grid,config_11,55,0.9409168636264772,0.9346938775510204,0.17305199285188028,65,52.363699197769165,0.8055953722733717,[32],relu,0.0,False,rmsprop,0.0005,100,32
full_grid,config_108,40,0.9417437094268118,0.9346938775510204,0.17187618650496006,50,13.736146926879883,0.27472293853759766,"[64, 32]",relu,0.0,False,rmsprop,0.0005,100,128
full_grid,config_10,42,0.9428838366664639,0.9346938775510204,0.17382568027824163,52,12.427940845489502,0.23899886241325966,[32],relu,0.0,False,rmsprop,0.001,100,128
full_grid,config_129,23,0.942162130441946,0.9346938775510204,0.1717953478256541,33,30.54288601875305,0.9255420005682743,"[64, 32]",tanh,0.0,False,rmsprop,0.001,100,32
full_grid,config_124,39,0.9406662738089455,0.9346938775510204,0.18096863478422165,49,13.469159841537476,0.27488081309260154,"[64, 32]",tanh,0.0,False,adam,0.0005,100,128
full_grid,config_130,32,0.9407802464641778,0.9336734693877551,0.17653933819383383,42,11.664219856262207,0.2777195203871954,"[64, 32]",tanh,0.0,False,rmsprop,0.001,100,128
full_grid,config_34,46,0.939034573255146,0.9336734693877551,0.1733760479837656,56,13.078943967819214,0.23355257085391454,[32],tanh,0.0,False,rmsprop,0.001,100,128
full_grid,config_30,42,0.939843861067339,0.9336734693877551,0.17959841899573803,52,13.096521139144897,0.2518561757527865,[32],tanh,0.0,False,adamw,0.001,100,128
full_grid,config_47,45,0.939546805066607,0.9336734693877551,0.1818173382311098,55,44.898308753967285,0.8163328864357688,[32],tanh,0.2,False,rmsprop,0.0005,100,32
full_grid,config_127,39,0.9403594575550592,0.9336734693877551,0.1689852501956686,49,46.450154066085815,0.9479623278793023,"[64, 32]",tanh,0.0,False,adamw,0.0005,100,32
full_grid,config_96,31,0.9400517516049158,0.9336734693877551,0.18449975736439228,41,11.67484998703003,0.2847524387080495,[64],tanh,0.2,False,rmsprop,0.0005,100,128
full_grid,config_92,81,0.9395774900633533,0.9336734693877551,0.17944052070379257,91,21.89105200767517,0.24056101107335354,[64],tanh,0.2,False,adamw,0.0005,100,128
full_grid,config_112,70,0.9413489461938581,0.9336734693877551,0.17242826148867607,80,22.208448886871338,0.2776056110858917,"[64, 32]",relu,0.2,False,adam,0.0005,100,128
full_grid,config_145,7,0.9412072231607509,0.9336734693877551,0.16936671325275976,17,17.34532594680786,1.0203132909886978,"[128, 64]",relu,0.0,False,adam,0.001,100,32
full_grid,config_12,81,0.9408815604621036,0.9336734693877551,0.17307304311543703,91,20.775171995162964,0.22829859335343916,[32],relu,0.0,False,rmsprop,0.0005,100,128
full_grid,config_82,37,0.9401787815316226,0.9336734693877551,0.17527296394109726,47,11.48025918006897,0.24426083361848872,[64],tanh,0.0,False,rmsprop,0.001,100,128
full_grid,config_37,22,0.9392005722465929,0.9336734693877551,0.17554462574903043,32,27.232881784439087,0.8510275557637215,[32],tanh,0.2,False,adam,0.001,100,32
full_grid,config_18,61,0.939722575678916,0.9336734693877551,0.17718842159956694,71,17.411481142044067,0.24523212876118405,[32],relu,0.2,False,adamw,0.001,100,128
full_grid,config_19,48,0.9417464647508609,0.9336734693877551,0.1761877149824173,58,49.40547823905945,0.8518185903286112,[32],relu,0.2,False,adamw,0.0005,100,32
full_grid,config_179,6,0.9387126366981274,0.9326530612244898,0.17696416233816453,16,16.169673204421997,1.0106045752763748,"[128, 64]",tanh,0.0,False,rmsprop,0.0005,100,32
full_grid,config_5,33,0.9405633770277902,0.9326530612244898,0.17167915638175704,43,36.71477699279785,0.8538320230883222,[32],relu,0.0,False,adamw,0.001,100,32
full_grid,config_133,26,0.9381251450958932,0.9326530612244898,0.17616403126908886,36,36.066823959350586,1.001856221093072,"[64, 32]",tanh,0.2,False,adam,0.001,100,32
full_grid,config_45,42,0.9388246970091406,0.9326530612244898,0.17528991755698958,52,42.90526103973389,0.8251011738410363,[32],tanh,0.2,False,rmsprop,0.001,100,32
full_grid,config_53,21,0.9411549371097825,0.9326530612244898,0.1718217392842616,31,26.4255850315094,0.8524382268228838,[64],relu,0.0,False,adamw,0.001,100,32
full_grid,config_67,36,0.9392809797123401,0.9326530612244898,0.17528780261355062,46,41.52604293823242,0.9027400638746179,[64],relu,0.2,False,adamw,0.0005,100,32
full_grid,config_81,21,0.9393408717420472,0.9326530612244898,0.1723221935812504,31,25.532444953918457,0.8236272565780147,[64],tanh,0.0,False,rmsprop,0.001,100,32
full_grid,config_98,33,0.9407583523443571,0.9326530612244898,0.17461527045816183,43,12.204433917999268,0.2838240446046341,"[64, 32]",relu,0.0,False,adam,0.001,100,128
full_grid,config_102,46,0.9413671422193526,0.9326530612244898,0.1701953923329711,56,15.1478910446167,0.2704980543681553,"[64, 32]",relu,0.0,False,adamw,0.001,100,128
full_grid,config_104,34,0.9390075940192123,0.9326530612244898,0.17436484154313803,44,13.524835109710693,0.3073826161297885,"[64, 32]",relu,0.0,False,adamw,0.0005,100,128
full_grid,config_111,22,0.9391101892508031,0.9326530612244898,0.17352480074811366,32,32.50843906402588,1.0158887207508087,"[64, 32]",relu,0.2,False,adam,0.0005,100,32
full_grid,config_141,26,0.9403482704215724,0.9326530612244898,0.17531318914505742,36,35.108229875564575,0.9752286076545715,"[64, 32]",tanh,0.2,False,rmsprop,0.001,100,32
full_grid,config_117,22,0.9398583344546662,0.9326530612244898,0.1747408977319156,32,32.27674412727356,1.0086482539772987,"[64, 32]",relu,0.2,False,rmsprop,0.001,100,32
full_grid,config_97,14,0.9406642173368175,0.9326530612244898,0.17084763307244547,24,24.65827775001526,1.0274282395839691,"[64, 32]",relu,0.0,False,adam,0.001,100,32
full_grid,config_46,25,0.9376428742707688,0.9316326530612244,0.18361952900886536,35,8.929179191589355,0.2551194054739816,[32],tanh,0.2,False,rmsprop,0.001,100,128
full_grid,config_88,68,0.9383149319446734,0.9316326530612244,0.1826632134616375,78,18.544382095336914,0.2377484884017553,[64],tanh,0.2,False,adam,0.0005,100,128
full_grid,config_101,21,0.9383551897381387,0.9316326530612244,0.16556735090430705,31,29.684330940246582,0.9575590625885995,"[64, 32]",relu,0.0,False,adamw,0.001,100,32
full_grid,config_15,43,0.9375633926428469,0.9306122448979591,0.1791148944006812,53,46.004300117492676,0.8680056625942014,[32],relu,0.2,False,adam,0.0005,100,32
full_grid,config_22,52,0.9361011107548505,0.9295918367346939,0.17554992157965899,62,15.41059684753418,0.24855801366990612,[32],relu,0.2,False,rmsprop,0.001,100,128
simple_grid,config_21,58,0.9479580039267511,0.9408163265306122,0.1767530786173959,68,57.00551795959473,0.8383164405822754,[8],relu,0.0,False,adamw,0.001,100,32
simple_grid,config_17,54,0.9459719393022195,0.939795918367347,0.17271071864712623,64,54.91132211685181,0.8579894080758095,[8],relu,0.0,False,adam,0.001,100,32
simple_grid,config_38,79,0.9472433931247257,0.9387755102040817,0.17606640420854092,89,20.764160871505737,0.23330517833152514,[16],relu,0.0,False,adamw,0.001,100,128
simple_grid,config_39,80,0.9475951736855335,0.9387755102040817,0.16986865652424674,90,73.78958201408386,0.8198842446009318,[16],relu,0.0,False,adamw,0.0005,100,32
simple_grid,config_54,37,0.9439022372594549,0.9387755102040817,0.17669944558292627,47,13.158859014511108,0.27997572371300233,"[16, 8]",relu,0.0,False,adamw,0.001,100,128
simple_grid,config_26,100,0.943863049289597,0.936734693877551,0.20428486540913582,100,24.203989028930664,0.24203989028930664,[8],relu,0.2,False,adam,0.001,100,128
simple_grid,config_50,46,0.9425584628422452,0.936734693877551,0.17611070722341537,56,15.069273710250854,0.2690941733973367,"[16, 8]",relu,0.0,False,adam,0.001,100,128
simple_grid,config_51,78,0.9452850139812365,0.936734693877551,0.1712135265190755,88,80.30075907707214,0.9125086258758198,"[16, 8]",relu,0.0,False,adam,0.0005,100,32
simple_grid,config_23,95,0.942109547841247,0.9357142857142857,0.1783699207007885,100,82.42475008964539,0.8242475008964538,[8],relu,0.0,False,adamw,0.0005,100,32
simple_grid,config_45,54,0.941710590720228,0.9357142857142857,0.18295316344066972,64,55.22751212120056,0.8629298768937588,[16],relu,0.2,False,adamw,0.001,100,32
simple_grid,config_55,52,0.9419728491275661,0.9346938775510204,0.1746175247695177,62,57.84179997444153,0.9329322576522827,"[16, 8]",relu,0.0,False,adamw,0.0005,100,32
simple_grid,config_59,100,0.93963301168114,0.9346938775510204,0.20488188271560975,100,96.22571611404419,0.9622571611404419,"[16, 8]",relu,0.2,False,adam,0.0005,100,32
simple_grid,config_36,99,0.939899683619122,0.9346938775510204,0.1793846907094121,100,23.1955349445343,0.23195534944534302,[16],relu,0.0,False,adam,0.0005,100,128
simple_grid,config_37,66,0.9426577626972529,0.9346938775510204,0.17312443893282645,76,62.49684977531433,0.8223269707278201,[16],relu,0.0,False,adamw,0.001,100,32
simple_grid,config_47,71,0.9390520015144563,0.9336734693877551,0.1875014640390873,81,68.4962170124054,0.8456323087951283,[16],relu,0.2,False,adamw,0.0005,100,32
simple_grid,config_46,75,0.9392425732322367,0.9336734693877551,0.1859242543578148,85,20.6547691822052,0.24299728449653177,[16],relu,0.2,False,adamw,0.001,100,128
simple_grid,config_24,99,0.939843221370699,0.9336734693877551,0.18964963220059872,100,23.37002182006836,0.2337002182006836,[8],relu,0.0,False,adamw,0.0005,100,128
simple_grid,config_43,91,0.9395870109819214,0.9336734693877551,0.17900448172323166,100,83.55412793159485,0.8355412793159485,[16],relu,0.2,False,adam,0.0005,100,32
simple_grid,config_19,57,0.9395792599093059,0.9336734693877551,0.18677362955866322,67,55.74809694290161,0.8320611484015166,[8],relu,0.0,False,adam,0.0005,100,32
simple_grid,config_52,98,0.93920344512582,0.9336734693877551,0.18577374517917633,100,25.57748794555664,0.25577487945556643,"[16, 8]",relu,0.0,False,adam,0.0005,100,128
simple_grid,config_53,42,0.9417238457153279,0.9336734693877551,0.17077983212807485,52,48.71872901916504,0.9368986349839431,"[16, 8]",relu,0.0,False,adamw,0.001,100,32
simple_grid,config_57,53,0.9426150961252057,0.9336734693877551,0.1942524994092603,63,61.05724096298218,0.9691625549679711,"[16, 8]",relu,0.2,False,adam,0.001,100,32
simple_grid,config_18,52,0.9386652481353394,0.9326530612244898,0.19222520478069782,62,15.64213514328003,0.2522925023109682,[8],relu,0.0,False,adam,0.001,100,128
simple_grid,config_3,99,0.9416412918601061,0.9326530612244898,0.19852752707177593,100,66.9187240600586,0.669187240600586,[],relu,0.0,False,adam,0.0005,100,32
simple_grid,config_62,93,0.9404506506243536,0.9326530612244898,0.21150401793420315,100,26.87550401687622,0.2687550401687622,"[16, 8]",relu,0.2,False,adamw,0.001,100,128
simple_grid,config_42,86,0.9395679998637364,0.9326530612244898,0.18067948333919048,96,22.831310987472534,0.23782615611950556,[16],relu,0.2,False,adam,0.001,100,128
simple_grid,config_5,94,0.9411193158793941,0.9326530612244898,0.19754827322979127,100,66.14124512672424,0.6614124512672425,[],relu,0.0,False,adamw,0.001,100,32
simple_grid,config_7,98,0.9416412918601061,0.9326530612244898,0.20048958760115407,100,65.27682828903198,0.6527682828903199,[],relu,0.0,False,adamw,0.0005,100,32
simple_grid,config_9,90,0.9416412918601061,0.9326530612244898,0.19681143388152122,100,66.87487411499023,0.6687487411499023,[],relu,0.2,False,adam,0.001,100,32
simple_grid,config_13,68,0.9411193158793941,0.9326530612244898,0.19867775757466594,78,52.339601039886475,0.6710205261523907,[],relu,0.2,False,adamw,0.001,100,32
simple_grid,config_33,34,0.9389072433781075,0.9326530612244898,0.1756067774709194,44,36.67553901672363,0.8335349776528098,[16],relu,0.0,False,adam,0.001,100,32
simple_grid,config_58,100,0.9394275830343064,0.9316326530612244,0.2133462317287922,100,27.145409107208252,0.2714540910720825,"[16, 8]",relu,0.2,False,adam,0.001,100,128
simple_grid,config_44,90,0.9384428432457143,0.9316326530612244,0.19569365493953228,100,23.70470404624939,0.2370470404624939,[16],relu,0.2,False,adam,0.0005,100,128
simple_grid,config_48,99,0.9392630229226766,0.9316326530612244,0.19485529884696007,100,23.928888082504272,0.23928888082504274,[16],relu,0.2,False,adamw,0.0005,100,128
simple_grid,config_41,29,0.937762731737824,0.9316326530612244,0.18667650102607666,39,33.57062911987305,0.8607853620480268,[16],relu,0.2,False,adam,0.001,100,32
simple_grid,config_40,100,0.939779658484777,0.9316326530612244,0.18512562848627567,100,23.638043880462646,0.23638043880462647,[16],relu,0.0,False,adamw,0.0005,100,128
simple_grid,config_56,77,0.9392111254108217,0.9316326530612244,0.17770050466060638,87,22.87865924835205,0.2629730948086443,"[16, 8]",relu,0.0,False,adamw,0.0005,100,128
simple_grid,config_1,77,0.9404902793460874,0.9316326530612244,0.1968529468342181,87,57.90129113197327,0.6655320819767042,[],relu,0.0,False,adam,0.001,100,32
simple_grid,config_27,75,0.940485332530342,0.9316326530612244,0.22199600983050563,85,72.68563413619995,0.8551251074847053,[8],relu,0.2,False,adam,0.0005,100,32
simple_grid,config_31,74,0.9373547256299258,0.9316326530612244,0.22028291730150099,84,72.30224204063416,0.8607409766742161,[8],relu,0.2,False,adamw,0.0005,100,32
simple_grid,config_11,97,0.9403811155691795,0.9306122448979591,0.1988480350663585,100,65.83869981765747,0.6583869981765748,[],relu,0.2,False,adam,0.0005,100,32
simple_grid,config_34,81,0.938623270687301,0.9306122448979591,0.17637702263891697,91,21.440616130828857,0.2356111662728446,[16],relu,0.0,False,adam,0.001,100,128
simple_grid,config_20,98,0.9383288073391567,0.9306122448979591,0.19259023666381836,100,23.418796062469482,0.23418796062469482,[8],relu,0.0,False,adam,0.0005,100,128
simple_grid,config_49,12,0.9355012509425248,0.9306122448979591,0.1830472000423939,22,21.221708059310913,0.9646230936050415,"[16, 8]",relu,0.0,False,adam,0.001,100,32
simple_grid,config_25,62,0.9378533411818043,0.9306122448979591,0.2155061111815514,72,62.199913024902344,0.8638876809014214,[8],relu,0.2,False,adam,0.001,100,32
simple_grid,config_35,51,0.9371228936636956,0.9306122448979591,0.18124835253242524,61,50.54456901550293,0.8285994920574251,[16],relu,0.0,False,adam,0.0005,100,32
simple_grid,config_60,99,0.9368514284598285,0.9306122448979591,0.22092095389962196,100,27.164734840393066,0.2716473484039307,"[16, 8]",relu,0.2,False,adam,0.0005,100,128
simple_grid,config_61,36,0.9420010263282308,0.9306122448979591,0.20075913086052863,46,45.58240604400635,0.9909218705218771,"[16, 8]",relu,0.2,False,adamw,0.001,100,32
simple_grid,config_22,72,0.935362260104235,0.9295918367346939,0.1850529620423913,82,19.350855350494385,0.2359860408596876,[8],relu,0.0,False,adamw,0.001,100,128
simple_grid,config_63,100,0.9357951527670908,0.9295918367346939,0.20583460191565175,100,97.00432515144348,0.9700432515144348,"[16, 8]",relu,0.2,False,adamw,0.0005,100,32
simple_grid,config_15,96,0.9387522184184193,0.9295918367346939,0.20076336483320883,100,66.46371507644653,0.6646371507644653,[],relu,0.2,False,adamw,0.0005,100,32
simple_grid,config_29,65,0.9354022459438626,0.9285714285714286,0.21185042588941513,75,63.784645080566406,0.8504619344075521,[8],relu,0.2,False,adamw,0.001,100,32
simple_grid,config_4,100,0.9354415430145819,0.9275510204081633,0.22589626349508762,100,19.726588249206543,0.19726588249206542,[],relu,0.0,False,adam,0.0005,100,128
simple_grid,config_6,100,0.9366842646155528,0.9275510204081633,0.2054935209453106,100,19.72990608215332,0.1972990608215332,[],relu,0.0,False,adamw,0.001,100,128
simple_grid,config_10,100,0.9366842646155528,0.9275510204081633,0.20536348037421703,100,19.559749126434326,0.19559749126434325,[],relu,0.2,False,adam,0.001,100,128
simple_grid,config_16,100,0.935472215259929,0.9275510204081633,0.22916900180280209,100,19.35961413383484,0.19359614133834838,[],relu,0.2,False,adamw,0.0005,100,128
simple_grid,config_12,100,0.9353865348022978,0.9275510204081633,0.22965101525187492,100,19.380980014801025,0.19380980014801025,[],relu,0.2,False,adam,0.0005,100,128
simple_grid,config_14,99,0.9362084325113317,0.9275510204081633,0.20637241937220097,100,19.526675939559937,0.19526675939559937,[],relu,0.2,False,adamw,0.001,100,128
simple_grid,config_64,99,0.9334058664144534,0.9275510204081633,0.21951498836278915,100,26.760262966156006,0.26760262966156007,"[16, 8]",relu,0.2,False,adamw,0.0005,100,128
simple_grid,config_8,100,0.9348133252623442,0.926530612244898,0.22917353548109531,100,19.562007188796997,0.19562007188796998,[],relu,0.0,False,adamw,0.0005,100,128
simple_grid,config_2,99,0.9355801263192138,0.926530612244898,0.20603564381599426,100,19.59233808517456,0.1959233808517456,[],relu,0.0,False,adam,0.001,100,128
simple_grid,config_30,88,0.9326207262452091,0.9244897959183673,0.21395640447735786,98,23.38186812400818,0.23859049106130795,[8],relu,0.2,False,adamw,0.001,100,128
simple_grid,config_28,99,0.9278048716414241,0.923469387755102,0.2502981685101986,100,23.779465913772583,0.23779465913772582,[8],relu,0.2,False,adam,0.0005,100,128
simple_grid,config_32,100,0.9305627062297104,0.923469387755102,0.2189475428313017,100,23.860164880752563,0.23860164880752563,[8],relu,0.2,False,adamw,0.0005,100,128
